cliente_id,nombre,apellido,email,genero,fecha_registro,region,pais,edad,ingreso_mensual,activo
1,Felipe,Díaz,felipe.díaz1@mail.cl,M,2025-03-13,Coquimbo,Chile,56.0,637337.0,True
2,Felipe,Morales,felipe.morales2@mail.cl,Masculino,2026-01-04,RM,Chile,20.0,829365.0,True
3,María,Silva,maría.silva3@mail.cl,Femenino,2026-01-02,RM,Chile,38.0,1762752.0,False
4,Francisca,Soto,francisca.soto4@mail.cl,M,2025-02-18,Coquimbo,Chile,59.0,1698079.0,False
5,Carolina,Valenzuela,carolina.valenzuela5@mail.cl,F,2025-02-20,RM,Chile,69.0,1055839.0,True
6,Pedro,Pérez,pedro.pérez6@mail.cl,Masculino,2025-11-25,RM,Chile,21.0,1819512.0,False
7,Constanza,Muñoz,constanza.muñoz7@mail.cl,F,2025-02-22,RM,Chile,45.0,1406606.0,False
8,Felipe,Araya,felipe.araya8@mail.cl,M,2026-01-03,,Chile,53.0,960337.0,False
9,Camila,Muñoz,camila.muñoz9@mail.cl,F,2025-04-16,Coquimbo,Chile,46.0,1987550.0,False
10,Francisca,Araya,francisca.araya10@mail.cl,F,2025-09-27,Valparaíso,Chile,,987879.0,False
11,Felipe,Araya,felipe.araya11@mail.cl,M,2026-01-21,RM,Chile,35.0,1107086.0,True
12,Daniela,López,daniela.lópez12@mail.cl,M,2025-02-10,RM,Chile,62.0,1925472.0,True
13,Felipe,Martínez,felipe.martínez13@mail.cl,Femenino,2025-05-16,RM,Chile,28.0,980754.0,True
14,Daniela,Rojas,daniela.rojas14@mail.cl,Masculino,2025-09-18,Antofagasta,Chile,58.0,2256187.0,True
15,Sebastián,Silva,sebastián.silva15@mail.cl,Femenino,2025-02-17,RM,Chile,41.0,2196548.0,True
16,Carolina,Silva,carolina.silva16@mail.cl,F,2026-01-01,RM,Chile,64.0,2021101.0,True
17,Juan,Pérez,juan.pérez17@mail.cl,F,2025-12-25,RM,Chile,,1766702.0,False
18,Francisca,Araya,francisca.araya18@mail.cl,M,2025-12-18,Valparaíso,Chile,69.0,1733916.0,False
19,Camila,Espinoza,camila.espinoza19@mail.cl,M,2025-08-25,Coquimbo,Chile,46.0,1713475.0,True
20,Felipe,Morales,felipe.morales20@mail.cl,Masculino,2025-03-07,Valparaíso,Chile,23.0,2430267.0,False
21,Carolina,Díaz,carolina.díaz21@mail.cl,F,2026-01-26,RM,Chile,42.0,1068550.0,False
22,Juan,González,juan.gonzález22@mail.cl,M,2025-05-01,Biobío,Chile,58.0,902690.0,True
23,Valentina,Silva,valentina.silva23@mail.cl,Masculino,2025-06-14,Valparaíso,Chile,59.0,1414091.0,False
24,Andrés,Soto,andrés.soto24@mail.cl,Femenino,2025-08-21,Coquimbo,Chile,66.0,539353.0,False
25,Carolina,Espinoza,carolina.espinoza25@mail.cl,Masculino,2025-04-23,RM,Chile,34.0,1270746.0,True
26,María,Muñoz,maría.muñoz26@mail.cl,Femenino,2025-08-12,Antofagasta,Chile,36.0,677789.0,False
27,Diego,Araya,diego.araya27@mail.cl,F,2026-01-23,Valparaíso,Chile,28.0,609751.0,True
28,Juan,Valenzuela,juan.valenzuela28@mail.cl,F,2025-04-08,Valparaíso,Chile,28.0,610078.0,False
29,Juan,Martínez,juan.martínez29@mail.cl,Femenino,2025-12-15,Antofagasta,Chile,,1410681.0,True
30,Pedro,Díaz,pedro.díaz30@mail.cl,Femenino,2025-05-08,Coquimbo,Chile,57.0,1848224.0,True
31,Carolina,Martínez,carolina.martínez31@mail.cl,M,2025-10-25,RM,Chile,33.0,1907321.0,False
32,Sebastián,Díaz,sebastián.díaz32@mail.cl,Femenino,2025-10-31,Araucanía,Chile,22.0,617796.0,False
33,Andrés,Contreras,andrés.contreras33@mail.cl,M,2025-05-27,Valparaíso,Chile,20.0,2077363.0,False
34,Valentina,Silva,valentina.silva34@mail.cl,M,2025-03-16,Araucanía,Chile,53.0,1001157.0,False
35,Camila,Espinoza,camila.espinoza35@mail.cl,Masculino,2025-04-09,Araucanía,Chile,35.0,1202335.0,False
36,María,Muñoz,maría.muñoz36@mail.cl,F,2025-06-18,RM,Chile,21.0,2358336.0,False
37,Diego,Díaz,diego.díaz37@mail.cl,Femenino,2025-05-15,Valparaíso,Chile,50.0,756687.0,False
38,Andrés,Rojas,andrés.rojas38@mail.cl,F,2025-08-26,Coquimbo,Chile,55.0,634508.0,True
39,Valentina,Silva,valentina.silva39@mail.cl,Masculino,2025-10-04,Coquimbo,Chile,45.0,1918175.0,True
40,Diego,Araya,diego.araya40@mail.cl,M,2025-01-04,RM,Chile,66.0,1130271.0,True
41,Carolina,Araya,carolina.araya41@mail.cl,F,2026-01-21,Antofagasta,Chile,58.0,2368836.0,False
42,Rodrigo,González,rodrigo.gonzález42@mail.cl,F,2026-01-03,Araucanía,Chile,,565726.0,True
43,Diego,Contreras,diego.contreras43@mail.cl,M,2025-05-08,,Chile,59.0,1013758.0,False
44,Francisca,Rojas,francisca.rojas44@mail.cl,Femenino,2025-04-24,Valparaíso,Chile,39.0,1566646.0,False
45,Andrés,López,andrés.lópez45@mail.cl,F,2025-04-14,Valparaíso,Chile,60.0,2282005.0,False
46,Felipe,Flores,felipe.flores46@mail.cl,F,2026-01-03,RM,Chile,41.0,1164076.0,False
47,Francisca,Contreras,francisca.contreras47@mail.cl,M,2025-01-20,Valparaíso,Chile,63.0,2142895.0,False
48,Carolina,Rojas,carolina.rojas48@mail.cl,Masculino,2025-12-20,RM,Chile,,1149150.0,False
49,Pedro,Martínez,pedro.martínez49@mail.cl,F,2025-05-05,Biobío,Chile,39.0,1579600.0,False
50,Francisca,Soto,francisca.soto50@mail.cl,Masculino,2025-04-11,Coquimbo,Chile,61.0,2252683.0,True
51,Felipe,Díaz,felipe.díaz51@mail.cl,F,2025-12-16,Coquimbo,Chile,57.0,573523.0,False
52,Rodrigo,Muñoz,rodrigo.muñoz52@mail.cl,Femenino,2025-05-27,Biobío,Chile,36.0,528251.0,False
53,Felipe,López,felipe.lópez53@mail.cl,M,2025-11-14,Biobío,Chile,26.0,600235.0,True
54,Juan,López,juan.lópez54@mail.cl,F,2025-10-17,RM,Chile,65.0,1568632.0,False
55,Rodrigo,Pérez,rodrigo.pérez55@mail.cl,M,2026-01-07,Valparaíso,Chile,22.0,2186293.0,True
56,Felipe,Rojas,felipe.rojas56@mail.cl,Femenino,2025-03-27,RM,Chile,31.0,509435.0,True
57,Juan,Espinoza,juan.espinoza57@mail.cl,F,2026-01-05,Coquimbo,Chile,43.0,1276665.0,False
58,Diego,Contreras,diego.contreras58@mail.cl,Femenino,2025-08-10,Valparaíso,Chile,27.0,2283541.0,True
59,Camila,Muñoz,camila.muñoz59@mail.cl,Femenino,2025-09-07,Araucanía,Chile,49.0,691232.0,False
60,Diego,Flores,diego.flores60@mail.cl,Femenino,2025-12-02,Valparaíso,Chile,,549115.0,False
61,Andrés,Díaz,andrés.díaz61@mail.cl,Femenino,2025-06-12,Valparaíso,Chile,50.0,1225948.0,True
62,Andrés,Pérez,andrés.pérez62@mail.cl,Femenino,2025-06-17,Antofagasta,Chile,61.0,651836.0,True
63,Carolina,Valenzuela,carolina.valenzuela63@mail.cl,F,2026-02-19,RM,Chile,43.0,1049639.0,True
64,Francisca,López,francisca.lópez64@mail.cl,F,2025-04-25,RM,Chile,21.0,582745.0,True
65,María,Flores,maría.flores65@mail.cl,Masculino,2026-01-04,Coquimbo,Chile,53.0,1330857.0,True
66,Sebastián,Silva,sebastián.silva66@mail.cl,Femenino,2025-04-09,Coquimbo,Chile,35.0,570640.0,True
67,Daniela,Contreras,daniela.contreras67@mail.cl,F,2025-09-25,Coquimbo,Chile,30.0,1198646.0,True
68,Pedro,Martínez,pedro.martínez68@mail.cl,F,2026-01-30,Coquimbo,Chile,42.0,1468021.0,True
69,Andrés,Rojas,andrés.rojas69@mail.cl,M,2025-08-21,,Chile,26.0,1607739.0,False
70,Camila,Rojas,camila.rojas70@mail.cl,F,2025-03-10,RM,Chile,42.0,1166490.0,True
71,Camila,Pérez,camila.pérez71@mail.cl,Masculino,2025-02-08,RM,Chile,59.0,1045977.0,True
72,Constanza,Valenzuela,constanza.valenzuela72@mail.cl,F,2025-08-03,Coquimbo,Chile,28.0,2079665.0,True
73,Carolina,Martínez,carolina.martínez73@mail.cl,F,2026-01-17,RM,Chile,24.0,1832397.0,True
74,Daniela,López,daniela.lópez74@mail.cl,M,2026-01-26,RM,Chile,46.0,2067908.0,False
75,Pedro,Silva,pedro.silva75@mail.cl,Femenino,2026-01-22,Biobío,Chile,24.0,1192440.0,True
76,Camila,Díaz,camila.díaz76@mail.cl,F,2025-10-02,Biobío,Chile,56.0,2191738.0,False
77,Francisca,Rojas,francisca.rojas77@mail.cl,Masculino,2025-06-22,RM,Chile,45.0,1290141.0,False
78,Camila,Araya,camila.araya78@mail.cl,Femenino,2025-12-27,Valparaíso,Chile,20.0,2050284.0,False
79,Constanza,Martínez,constanza.martínez79@mail.cl,Masculino,2025-11-08,Coquimbo,Chile,23.0,,False
80,Rodrigo,Flores,rodrigo.flores80@mail.cl,M,2025-03-21,Coquimbo,Chile,28.0,1231899.0,True
81,Camila,Rojas,camila.rojas81@mail.cl,Masculino,2026-01-18,RM,Chile,66.0,2373421.0,True
82,Juan,Pérez,juan.pérez82@mail.cl,F,2025-05-24,Valparaíso,Chile,28.0,1365291.0,False
83,Daniela,Soto,daniela.soto83@mail.cl,Femenino,2025-01-08,RM,Chile,53.0,1872249.0,False
84,Francisca,Araya,francisca.araya84@mail.cl,F,2025-12-23,Araucanía,Chile,44.0,2251541.0,True
85,Juan,Martínez,juan.martínez85@mail.cl,M,2025-08-08,RM,Chile,30.0,1713997.0,True
86,Rodrigo,Soto,rodrigo.soto86@mail.cl,F,2025-07-16,Valparaíso,Chile,19.0,1483049.0,False
87,Constanza,Muñoz,constanza.muñoz87@mail.cl,Masculino,2025-04-29,,Chile,18.0,2173361.0,False
88,Juan,Morales,juan.morales88@mail.cl,M,2025-08-05,Araucanía,Chile,44.0,1504208.0,True
89,Juan,Muñoz,juan.muñoz89@mail.cl,M,2025-11-07,Antofagasta,Chile,34.0,1215460.0,True
90,Diego,Soto,diego.soto90@mail.cl,Masculino,2025-02-22,Araucanía,Chile,27.0,2257266.0,True
91,Diego,Espinoza,diego.espinoza91@mail.cl,M,2025-02-20,RM,Chile,21.0,1046237.0,True
92,Juan,Silva,juan.silva92@mail.cl,Femenino,2025-04-05,RM,Chile,43.0,1008153.0,False
93,Valentina,Soto,valentina.soto93@mail.cl,Masculino,2025-09-25,Biobío,Chile,61.0,2179748.0,False
94,Constanza,Morales,constanza.morales94@mail.cl,M,2025-09-12,RM,Chile,32.0,501252.0,True
95,Constanza,Muñoz,constanza.muñoz95@mail.cl,Masculino,2025-07-11,RM,Chile,55.0,1263185.0,False
96,María,Espinoza,maría.espinoza96@mail.cl,Masculino,2025-11-04,Coquimbo,Chile,50.0,2432247.0,True
97,Carolina,Espinoza,carolina.espinoza97@mail.cl,Masculino,2025-03-22,Araucanía,Chile,,2056617.0,False
98,Juan,López,juan.lópez98@mail.cl,M,2025-03-10,Araucanía,Chile,19.0,1094124.0,False
99,Andrés,Morales,andrés.morales99@mail.cl,Femenino,2025-04-21,RM,Chile,33.0,702846.0,True
100,Valentina,Silva,valentina.silva100@mail.cl,Femenino,2025-07-03,Coquimbo,Chile,49.0,1912290.0,True
101,Rodrigo,Muñoz,rodrigo.muñoz101@mail.cl,M,2025-10-04,,Chile,45.0,2438089.0,True
102,Valentina,Pérez,valentina.pérez102@mail.cl,F,2025-08-21,RM,Chile,63.0,551745.0,True
103,Constanza,López,constanza.lópez103@mail.cl,M,2025-10-09,Biobío,Chile,39.0,1427982.0,False
104,Constanza,Morales,constanza.morales104@mail.cl,Masculino,2025-12-03,RM,Chile,18.0,690471.0,True
105,Pedro,Flores,pedro.flores105@mail.cl,Femenino,2025-05-07,Antofagasta,Chile,,889593.0,False
106,Felipe,Espinoza,felipe.espinoza106@mail.cl,Femenino,2025-06-03,RM,Chile,68.0,2471206.0,True
107,Felipe,Espinoza,felipe.espinoza107@mail.cl,Masculino,2025-10-01,Coquimbo,Chile,52.0,1321106.0,True
108,Sebastián,Contreras,sebastián.contreras108@mail.cl,M,2025-02-08,RM,Chile,56.0,1948021.0,False
109,Constanza,Araya,constanza.araya109@mail.cl,M,2026-01-20,,Chile,27.0,967010.0,True
110,Rodrigo,Muñoz,rodrigo.muñoz110@mail.cl,Masculino,2025-02-03,Coquimbo,Chile,57.0,581264.0,False
111,Pedro,López,pedro.lópez111@mail.cl,M,2025-06-29,Valparaíso,Chile,51.0,1412826.0,False
112,Andrés,Flores,andrés.flores112@mail.cl,F,2025-10-16,RM,Chile,38.0,616421.0,False
113,Felipe,Díaz,felipe.díaz113@mail.cl,F,2025-11-14,Biobío,Chile,,1707094.0,True
114,Felipe,Rojas,felipe.rojas114@mail.cl,Masculino,2026-02-21,Araucanía,Chile,48.0,1040677.0,False
115,Camila,Araya,camila.araya115@mail.cl,Masculino,2026-01-06,Araucanía,Chile,47.0,1530117.0,True
116,Constanza,Martínez,constanza.martínez116@mail.cl,F,2025-01-26,RM,Chile,61.0,637541.0,False
117,Valentina,Díaz,valentina.díaz117@mail.cl,Masculino,2025-01-20,RM,Chile,64.0,1354016.0,False
118,Constanza,Soto,constanza.soto118@mail.cl,M,2025-12-22,RM,Chile,20.0,782272.0,False
119,María,Silva,maría.silva119@mail.cl,F,2025-05-18,Araucanía,Chile,30.0,505287.0,False
120,Camila,González,camila.gonzález120@mail.cl,Masculino,2025-09-30,RM,Chile,,2152631.0,False
121,Felipe,Rojas,felipe.rojas121@mail.cl,F,2025-03-10,Biobío,Chile,61.0,1853649.0,False
122,Diego,Silva,diego.silva122@mail.cl,Masculino,2026-01-12,RM,Chile,18.0,2209351.0,False
123,Valentina,Araya,valentina.araya123@mail.cl,Femenino,2025-09-24,Biobío,Chile,31.0,1448027.0,False
124,Pedro,Pérez,pedro.pérez124@mail.cl,M,2026-01-27,Valparaíso,Chile,21.0,1696632.0,True
125,Francisca,Martínez,francisca.martínez125@mail.cl,F,2026-01-07,Valparaíso,Chile,49.0,1691602.0,True
126,Valentina,González,valentina.gonzález126@mail.cl,Masculino,2025-06-02,RM,Chile,64.0,938774.0,False
127,Constanza,Pérez,constanza.pérez127@mail.cl,Femenino,2025-02-08,RM,Chile,23.0,1772386.0,True
128,Pedro,Silva,pedro.silva128@mail.cl,F,2025-01-15,Antofagasta,Chile,50.0,1607955.0,False
129,Felipe,Morales,felipe.morales129@mail.cl,Femenino,2026-01-25,RM,Chile,,1580730.0,True
130,Juan,Espinoza,juan.espinoza130@mail.cl,Femenino,2025-01-10,Coquimbo,Chile,,1723520.0,False
131,Valentina,Flores,valentina.flores131@mail.cl,Masculino,2025-08-04,Valparaíso,Chile,32.0,2305468.0,False
132,Diego,Flores,diego.flores132@mail.cl,Masculino,2025-06-22,Valparaíso,Chile,48.0,1780626.0,True
133,Camila,Díaz,camila.díaz133@mail.cl,F,2025-03-10,Biobío,Chile,27.0,1526919.0,False
134,Valentina,Silva,valentina.silva134@mail.cl,Masculino,2025-10-29,Valparaíso,Chile,43.0,1755564.0,False
135,Constanza,Muñoz,constanza.muñoz135@mail.cl,M,2025-04-14,Antofagasta,Chile,29.0,1195275.0,False
136,Camila,Pérez,camila.pérez136@mail.cl,Femenino,2025-05-07,RM,Chile,45.0,2269246.0,False
137,Sebastián,Soto,sebastián.soto137@mail.cl,Masculino,2025-10-23,Biobío,Chile,28.0,1169078.0,True
138,Constanza,Pérez,constanza.pérez138@mail.cl,M,2025-07-01,Biobío,Chile,18.0,1648734.0,False
139,Felipe,Rojas,felipe.rojas139@mail.cl,Femenino,2025-11-05,RM,Chile,69.0,1325656.0,True
140,Francisca,Martínez,francisca.martínez140@mail.cl,Masculino,2025-01-25,Antofagasta,Chile,55.0,1163937.0,True
141,María,Morales,maría.morales141@mail.cl,F,2026-01-11,RM,Chile,68.0,1271253.0,False
142,Sebastián,Contreras,sebastián.contreras142@mail.cl,Femenino,2025-12-10,RM,Chile,46.0,594270.0,True
143,Valentina,López,valentina.lópez143@mail.cl,Femenino,2025-02-18,RM,Chile,37.0,519816.0,True
144,Camila,Soto,camila.soto144@mail.cl,F,2025-07-08,RM,Chile,24.0,1230880.0,False
145,Rodrigo,Espinoza,rodrigo.espinoza145@mail.cl,Masculino,2025-07-30,RM,Chile,47.0,1608252.0,True
146,Rodrigo,Flores,rodrigo.flores146@mail.cl,F,2026-01-19,RM,Chile,31.0,1324690.0,True
147,María,Muñoz,maría.muñoz147@mail.cl,F,2025-04-24,Coquimbo,Chile,68.0,2454622.0,False
148,Juan,Silva,juan.silva148@mail.cl,M,2025-05-11,RM,Chile,27.0,2466034.0,False
149,María,Araya,maría.araya149@mail.cl,M,2025-10-15,Valparaíso,Chile,46.0,1658151.0,True
150,Sebastián,Contreras,sebastián.contreras150@mail.cl,Masculino,2025-09-12,RM,Chile,64.0,962052.0,True
151,Pedro,González,pedro.gonzález151@mail.cl,Femenino,2025-10-18,RM,Chile,31.0,1230399.0,False
152,Constanza,Morales,constanza.morales152@mail.cl,Femenino,2025-06-14,RM,Chile,31.0,1268734.0,True
153,María,Contreras,maría.contreras153@mail.cl,F,2025-05-31,Biobío,Chile,65.0,1715868.0,True
154,Camila,Flores,camila.flores154@mail.cl,Femenino,2025-10-30,Valparaíso,Chile,28.0,1127433.0,True
155,María,Rojas,maría.rojas155@mail.cl,Masculino,2025-01-20,Valparaíso,Chile,55.0,2205215.0,False
156,Sebastián,Muñoz,sebastián.muñoz156@mail.cl,M,2025-12-08,Biobío,Chile,34.0,1805289.0,False
157,Daniela,Morales,daniela.morales157@mail.cl,F,2025-08-12,Coquimbo,Chile,68.0,1576432.0,False
158,Sebastián,Silva,sebastián.silva158@mail.cl,F,2025-12-25,RM,Chile,39.0,2465290.0,False
159,Camila,López,camila.lópez159@mail.cl,F,2026-01-02,RM,Chile,28.0,1866853.0,False
160,Diego,López,diego.lópez160@mail.cl,Femenino,2025-02-03,Coquimbo,Chile,42.0,2194693.0,False
161,Carolina,Contreras,carolina.contreras161@mail.cl,M,2026-02-05,RM,Chile,48.0,2024357.0,True
162,Daniela,Muñoz,daniela.muñoz162@mail.cl,Femenino,2025-11-05,RM,Chile,62.0,1429168.0,False
163,Diego,Araya,diego.araya163@mail.cl,F,2025-03-05,RM,Chile,60.0,1740768.0,True
164,Diego,Díaz,diego.díaz164@mail.cl,Masculino,2025-05-29,Biobío,Chile,28.0,1376031.0,False
165,Juan,Morales,juan.morales165@mail.cl,Masculino,2025-11-06,Coquimbo,Chile,64.0,1815573.0,False
166,Diego,Silva,diego.silva166@mail.cl,M,2025-08-27,RM,Chile,52.0,1449491.0,True
167,Juan,Espinoza,juan.espinoza167@mail.cl,Masculino,2025-07-20,Biobío,Chile,26.0,2350056.0,False
168,Juan,González,juan.gonzález168@mail.cl,M,2025-04-14,Coquimbo,Chile,56.0,1572930.0,True
169,María,Pérez,maría.pérez169@mail.cl,Femenino,2025-04-12,Coquimbo,Chile,36.0,1116036.0,False
170,Andrés,Morales,andrés.morales170@mail.cl,M,2025-11-26,Valparaíso,Chile,66.0,819278.0,False
171,Constanza,Silva,constanza.silva171@mail.cl,Masculino,2025-05-29,Biobío,Chile,54.0,2140821.0,False
172,Valentina,Silva,valentina.silva172@mail.cl,M,2026-01-12,RM,Chile,43.0,1901320.0,True
173,Francisca,Valenzuela,francisca.valenzuela173@mail.cl,Femenino,2025-07-18,Araucanía,Chile,43.0,,False
174,Francisca,Contreras,francisca.contreras174@mail.cl,F,2025-01-07,RM,Chile,65.0,704615.0,False
175,Andrés,Contreras,andrés.contreras175@mail.cl,M,2025-04-13,RM,Chile,48.0,2387383.0,True
176,Carolina,Araya,carolina.araya176@mail.cl,M,2025-10-20,Coquimbo,Chile,43.0,1176022.0,True
177,Carolina,Contreras,carolina.contreras177@mail.cl,Masculino,2026-01-04,Biobío,Chile,42.0,769708.0,False
178,Juan,Flores,juan.flores178@mail.cl,F,2026-01-02,RM,Chile,59.0,959297.0,False
179,Andrés,Contreras,andrés.contreras179@mail.cl,M,2025-04-06,Biobío,Chile,56.0,1393741.0,False
180,Rodrigo,Espinoza,rodrigo.espinoza180@mail.cl,M,2025-09-02,Coquimbo,Chile,33.0,1109719.0,False
181,Sebastián,López,sebastián.lópez181@mail.cl,F,2025-12-25,Coquimbo,Chile,18.0,532733.0,True
182,Pedro,Flores,pedro.flores182@mail.cl,F,2025-11-20,Valparaíso,Chile,54.0,933816.0,False
183,Juan,Pérez,juan.pérez183@mail.cl,F,2025-11-01,RM,Chile,21.0,2050522.0,False
184,Diego,Flores,diego.flores184@mail.cl,M,2025-07-17,Araucanía,Chile,63.0,1412727.0,True
185,Constanza,Flores,constanza.flores185@mail.cl,F,2025-02-21,RM,Chile,25.0,1998771.0,True
186,Valentina,Pérez,valentina.pérez186@mail.cl,Masculino,2025-11-26,RM,Chile,43.0,976072.0,True
187,Francisca,Rojas,francisca.rojas187@mail.cl,Femenino,2025-09-18,Valparaíso,Chile,40.0,1333032.0,True
188,Camila,López,camila.lópez188@mail.cl,M,2025-06-27,Coquimbo,Chile,34.0,874999.0,True
189,Pedro,Soto,pedro.soto189@mail.cl,M,2025-03-30,Coquimbo,Chile,31.0,1631876.0,False
190,Andrés,Martínez,andrés.martínez190@mail.cl,Femenino,2025-01-29,Antofagasta,Chile,42.0,1113089.0,False
191,Francisca,Martínez,francisca.martínez191@mail.cl,Masculino,2025-09-18,Valparaíso,Chile,51.0,1574135.0,False
192,Valentina,Silva,valentina.silva192@mail.cl,Masculino,2025-03-31,Coquimbo,Chile,,2461275.0,False
193,Rodrigo,Araya,rodrigo.araya193@mail.cl,M,2026-01-18,Coquimbo,Chile,49.0,2450013.0,True
194,Pedro,López,pedro.lópez194@mail.cl,Masculino,2025-12-20,Coquimbo,Chile,30.0,2332684.0,True
195,Valentina,Silva,valentina.silva195@mail.cl,Masculino,2026-01-28,Antofagasta,Chile,65.0,2025416.0,True
196,Andrés,Flores,andrés.flores196@mail.cl,M,2026-01-04,Valparaíso,Chile,55.0,1602523.0,True
197,Diego,Morales,diego.morales197@mail.cl,M,2026-01-19,Antofagasta,Chile,59.0,2440873.0,False
198,Andrés,Pérez,andrés.pérez198@mail.cl,F,2026-01-18,Biobío,Chile,31.0,1737580.0,True
199,Carolina,Contreras,carolina.contreras199@mail.cl,F,2025-02-15,RM,Chile,58.0,1020551.0,True
200,María,Araya,maría.araya200@mail.cl,Femenino,2025-06-12,,Chile,36.0,,True
201,Francisca,Martínez,francisca.martínez201@mail.cl,Femenino,2026-01-28,Valparaíso,Chile,47.0,1706308.0,True
202,Valentina,Díaz,valentina.díaz202@mail.cl,Femenino,2025-08-30,Araucanía,Chile,34.0,2458805.0,True
203,Francisca,Soto,francisca.soto203@mail.cl,M,2025-04-30,RM,Chile,67.0,,False
204,Rodrigo,Araya,rodrigo.araya204@mail.cl,Femenino,2025-01-07,RM,Chile,50.0,2080677.0,True
205,Pedro,Morales,pedro.morales205@mail.cl,F,2026-02-18,RM,Chile,46.0,2458403.0,True
206,Pedro,Flores,pedro.flores206@mail.cl,M,2025-10-12,Valparaíso,Chile,69.0,944191.0,False
207,Constanza,Díaz,constanza.díaz207@mail.cl,F,2025-07-14,Araucanía,Chile,61.0,724695.0,False
208,Rodrigo,Pérez,rodrigo.pérez208@mail.cl,Masculino,2025-03-25,RM,Chile,22.0,890530.0,True
209,Juan,López,juan.lópez209@mail.cl,Femenino,2025-06-11,RM,Chile,66.0,1786936.0,False
210,Carolina,Muñoz,carolina.muñoz210@mail.cl,Masculino,2025-01-27,Araucanía,Chile,63.0,877816.0,True
211,Rodrigo,Pérez,rodrigo.pérez211@mail.cl,Femenino,2025-06-23,Coquimbo,Chile,24.0,1546914.0,True
212,Carolina,Pérez,carolina.pérez212@mail.cl,Femenino,2026-01-03,RM,Chile,32.0,830904.0,False
213,Constanza,Contreras,constanza.contreras213@mail.cl,M,2025-12-06,Coquimbo,Chile,55.0,2400463.0,True
214,Carolina,Valenzuela,carolina.valenzuela214@mail.cl,F,2025-04-27,Coquimbo,Chile,25.0,,False
215,Rodrigo,González,rodrigo.gonzález215@mail.cl,Femenino,2025-11-16,RM,Chile,64.0,2265982.0,False
216,Andrés,Flores,andrés.flores216@mail.cl,M,2026-01-06,Antofagasta,Chile,28.0,664053.0,True
217,Daniela,Martínez,daniela.martínez217@mail.cl,M,2025-02-15,RM,Chile,33.0,2315861.0,False
218,Carolina,Díaz,carolina.díaz218@mail.cl,M,2025-08-30,RM,Chile,19.0,768512.0,True
219,Sebastián,Flores,sebastián.flores219@mail.cl,F,2025-04-26,RM,Chile,56.0,2181601.0,False
220,Felipe,López,felipe.lópez220@mail.cl,F,2025-05-23,RM,Chile,61.0,824912.0,False
221,Andrés,Flores,andrés.flores221@mail.cl,Masculino,2026-01-09,Araucanía,Chile,56.0,1149438.0,False
222,Sebastián,Muñoz,sebastián.muñoz222@mail.cl,Femenino,2026-01-18,Valparaíso,Chile,37.0,906845.0,True
223,Andrés,Valenzuela,andrés.valenzuela223@mail.cl,Masculino,2025-07-27,Coquimbo,Chile,39.0,1229497.0,True
224,Pedro,Valenzuela,pedro.valenzuela224@mail.cl,M,2025-01-14,RM,Chile,29.0,641398.0,False
225,Rodrigo,Martínez,rodrigo.martínez225@mail.cl,M,2025-05-27,Araucanía,Chile,53.0,1094604.0,False
226,Rodrigo,Contreras,rodrigo.contreras226@mail.cl,M,2025-11-03,RM,Chile,23.0,2440369.0,True
227,Valentina,Pérez,valentina.pérez227@mail.cl,Femenino,2025-02-28,Valparaíso,Chile,27.0,2343954.0,True
228,Rodrigo,Flores,rodrigo.flores228@mail.cl,F,2025-12-19,Biobío,Chile,66.0,965757.0,True
229,Francisca,Flores,francisca.flores229@mail.cl,Femenino,2025-01-04,Valparaíso,Chile,37.0,2434267.0,False
230,María,González,maría.gonzález230@mail.cl,Masculino,2025-09-07,Valparaíso,Chile,53.0,2116449.0,True
231,María,Díaz,maría.díaz231@mail.cl,F,2025-08-31,Coquimbo,Chile,29.0,749474.0,True
232,María,Silva,maría.silva232@mail.cl,M,2025-12-21,Biobío,Chile,,1965071.0,False
233,Felipe,López,felipe.lópez233@mail.cl,Femenino,2025-01-02,RM,Chile,22.0,1724613.0,True
234,Sebastián,Espinoza,sebastián.espinoza234@mail.cl,F,2026-01-15,Coquimbo,Chile,56.0,1988856.0,False
235,María,Contreras,maría.contreras235@mail.cl,F,2025-12-11,Araucanía,Chile,19.0,826818.0,True
236,Diego,Valenzuela,diego.valenzuela236@mail.cl,M,2025-06-13,Araucanía,Chile,64.0,1784382.0,True
237,Francisca,Rojas,francisca.rojas237@mail.cl,F,2025-04-03,RM,Chile,47.0,1568392.0,True
238,Diego,Díaz,diego.díaz238@mail.cl,Femenino,2025-01-01,RM,Chile,37.0,2442811.0,True
239,Andrés,Pérez,andrés.pérez239@mail.cl,Masculino,2025-06-14,Biobío,Chile,61.0,841815.0,False
240,Valentina,Araya,valentina.araya240@mail.cl,Masculino,2025-11-30,RM,Chile,54.0,853299.0,False
241,Rodrigo,González,rodrigo.gonzález241@mail.cl,Masculino,2025-09-02,RM,Chile,50.0,2213136.0,True
242,Constanza,Araya,constanza.araya242@mail.cl,F,2025-08-30,Araucanía,Chile,,1745309.0,False
243,Sebastián,Muñoz,sebastián.muñoz243@mail.cl,M,2026-01-24,Coquimbo,Chile,67.0,2081974.0,False
244,Valentina,Díaz,valentina.díaz244@mail.cl,Masculino,2025-10-28,RM,Chile,67.0,1330185.0,False
245,Felipe,Silva,felipe.silva245@mail.cl,F,2025-09-21,RM,Chile,55.0,2459406.0,False
246,María,González,maría.gonzález246@mail.cl,Masculino,2026-01-11,Valparaíso,Chile,67.0,528625.0,True
247,Francisca,Silva,francisca.silva247@mail.cl,Masculino,2025-03-17,RM,Chile,42.0,,False
248,Juan,González,juan.gonzález248@mail.cl,Masculino,2026-01-14,RM,Chile,22.0,658056.0,False
249,Constanza,Araya,constanza.araya249@mail.cl,F,2026-01-06,RM,Chile,50.0,1228744.0,True
250,Rodrigo,Martínez,rodrigo.martínez250@mail.cl,M,2025-11-20,Valparaíso,Chile,55.0,2102029.0,False
251,Valentina,Rojas,valentina.rojas251@mail.cl,F,2026-01-13,Biobío,Chile,36.0,1566348.0,True
252,Juan,Silva,juan.silva252@mail.cl,F,2025-03-30,RM,Chile,18.0,1576299.0,False
253,Felipe,Valenzuela,felipe.valenzuela253@mail.cl,M,2025-04-03,Coquimbo,Chile,66.0,1688575.0,True
254,Pedro,Araya,pedro.araya254@mail.cl,F,2025-12-21,RM,Chile,31.0,2002025.0,False
255,Constanza,Martínez,constanza.martínez255@mail.cl,Masculino,2025-11-24,Coquimbo,Chile,23.0,1247419.0,True
256,Rodrigo,López,rodrigo.lópez256@mail.cl,M,2025-10-31,Coquimbo,Chile,61.0,1071107.0,True
257,Andrés,Contreras,andrés.contreras257@mail.cl,F,2025-12-30,Araucanía,Chile,62.0,1048884.0,True
258,Andrés,Contreras,andrés.contreras258@mail.cl,Femenino,2025-05-04,Araucanía,Chile,53.0,1688554.0,True
259,Camila,Pérez,camila.pérez259@mail.cl,M,2025-10-17,RM,Chile,21.0,2342159.0,True
260,Camila,Espinoza,camila.espinoza260@mail.cl,Masculino,2026-01-28,Coquimbo,Chile,33.0,1663369.0,False
261,Constanza,Muñoz,constanza.muñoz261@mail.cl,F,2025-05-12,Biobío,Chile,47.0,1254950.0,True
262,Carolina,López,carolina.lópez262@mail.cl,Masculino,2025-03-12,RM,Chile,66.0,2293961.0,True
263,Francisca,Silva,francisca.silva263@mail.cl,Femenino,2025-09-20,Biobío,Chile,61.0,2406039.0,True
264,Francisca,Valenzuela,francisca.valenzuela264@mail.cl,Masculino,2026-02-06,Biobío,Chile,39.0,,True
265,Francisca,Martínez,francisca.martínez265@mail.cl,Masculino,2025-05-01,Biobío,Chile,25.0,2275767.0,False
266,Juan,López,juan.lópez266@mail.cl,Masculino,2025-02-19,Valparaíso,Chile,53.0,2211163.0,True
267,Francisca,Martínez,francisca.martínez267@mail.cl,F,2025-08-30,RM,Chile,66.0,746242.0,False
268,María,González,maría.gonzález268@mail.cl,Masculino,2025-05-30,RM,Chile,32.0,1641154.0,False
269,Felipe,Morales,felipe.morales269@mail.cl,F,2025-03-18,Coquimbo,Chile,42.0,1042015.0,True
270,Felipe,Pérez,felipe.pérez270@mail.cl,F,2025-05-05,Valparaíso,Chile,66.0,1342186.0,True
271,Daniela,Araya,daniela.araya271@mail.cl,F,2025-08-06,RM,Chile,49.0,1508806.0,True
272,Constanza,Díaz,constanza.díaz272@mail.cl,Femenino,2025-06-13,RM,Chile,25.0,1603200.0,True
273,Valentina,Martínez,valentina.martínez273@mail.cl,Masculino,2025-02-18,Biobío,Chile,22.0,961227.0,True
274,Diego,Silva,diego.silva274@mail.cl,F,2025-03-08,Coquimbo,Chile,20.0,2146933.0,False
275,María,Contreras,maría.contreras275@mail.cl,Femenino,2025-07-28,Araucanía,Chile,40.0,2054205.0,False
276,Daniela,Soto,daniela.soto276@mail.cl,Femenino,2025-11-29,Valparaíso,Chile,64.0,1574168.0,True
277,Francisca,Espinoza,francisca.espinoza277@mail.cl,F,2025-01-12,RM,Chile,29.0,,False
278,Pedro,Espinoza,pedro.espinoza278@mail.cl,M,2025-04-25,RM,Chile,22.0,2062579.0,False
279,Daniela,Araya,daniela.araya279@mail.cl,M,2026-01-21,RM,Chile,39.0,1604849.0,False
280,Felipe,González,felipe.gonzález280@mail.cl,M,2026-01-06,RM,Chile,31.0,2482243.0,True
281,Felipe,Muñoz,felipe.muñoz281@mail.cl,M,2025-12-07,RM,Chile,26.0,2419424.0,True
282,Pedro,Díaz,pedro.díaz282@mail.cl,F,2025-07-15,Antofagasta,Chile,23.0,2418370.0,False
283,Andrés,Valenzuela,andrés.valenzuela283@mail.cl,F,2025-09-01,RM,Chile,64.0,1385296.0,False
284,Valentina,Muñoz,valentina.muñoz284@mail.cl,M,2025-08-04,Coquimbo,Chile,31.0,,True
285,Felipe,Díaz,felipe.díaz285@mail.cl,F,2025-06-12,RM,Chile,19.0,2203377.0,False
286,Camila,Muñoz,camila.muñoz286@mail.cl,Femenino,2026-01-02,RM,Chile,50.0,2191811.0,True
287,Constanza,González,constanza.gonzález287@mail.cl,F,2026-01-14,RM,Chile,20.0,1190658.0,True
288,Valentina,Martínez,valentina.martínez288@mail.cl,M,2025-01-25,RM,Chile,62.0,1415387.0,False
289,Carolina,Flores,carolina.flores289@mail.cl,Masculino,2025-05-26,RM,Chile,23.0,1928127.0,True
290,Andrés,Espinoza,andrés.espinoza290@mail.cl,F,2025-10-14,RM,Chile,36.0,,False
291,Sebastián,Muñoz,sebastián.muñoz291@mail.cl,F,2026-01-29,Valparaíso,Chile,32.0,1704680.0,True
292,Pedro,Martínez,pedro.martínez292@mail.cl,Masculino,2025-06-05,RM,Chile,68.0,637478.0,False
293,Carolina,González,carolina.gonzález293@mail.cl,Femenino,2025-02-09,Biobío,Chile,56.0,927387.0,False
294,Rodrigo,Díaz,rodrigo.díaz294@mail.cl,Femenino,2025-08-19,Valparaíso,Chile,54.0,2105235.0,True
295,Constanza,Flores,constanza.flores295@mail.cl,Masculino,2025-04-02,Coquimbo,Chile,24.0,1427460.0,True
296,Valentina,Pérez,valentina.pérez296@mail.cl,F,2025-03-03,Coquimbo,Chile,55.0,704366.0,True
297,Francisca,Contreras,francisca.contreras297@mail.cl,F,2025-03-06,RM,Chile,43.0,2185996.0,True
298,Diego,Muñoz,diego.muñoz298@mail.cl,M,2026-01-04,RM,Chile,66.0,963547.0,True
299,Diego,Díaz,diego.díaz299@mail.cl,Femenino,2025-10-09,RM,Chile,51.0,2463571.0,False
300,Carolina,Muñoz,carolina.muñoz300@mail.cl,Femenino,2026-01-29,RM,Chile,55.0,1805129.0,True
252,Juan,Silva,juan.silva252@mail.cl,F,2025-03-30,RM,Chile,18.0,1576299.0,False
68,Pedro,Martínez,pedro.martínez68@mail.cl,F,2026-01-30,Coquimbo,Chile,42.0,1468021.0,True
247,Francisca,Silva,francisca.silva247@mail.cl,Masculino,2025-03-17,RM,Chile,42.0,,False
62,Andrés,Pérez,andrés.pérez62@mail.cl,Femenino,2025-06-17,Antofagasta,Chile,61.0,651836.0,True
43,Diego,Contreras,diego.contreras43@mail.cl,M,2025-05-08,,Chile,59.0,1013758.0,False
